{"cameraMode":{"drawMode":0,"name":"Shaded","section":"Shading Mode"},"sceneLighting":true,"audioPlay":false,"sceneViewState":{"showFog":true,"showMaterialUpdate":false,"showSkybox":true,"showFlares":true,"showImageEffects":true,"showParticleSystems":true},"in2DMode":false,"pivot":{"x":47.90406036376953,"y":2.1433582305908205,"z":63.16558837890625},"rotation":{"x":0.2909424602985382,"y":-0.5052684545516968,"z":0.18587009608745576,"w":0.790898859500885},"size":39.746864318847659,"orthographic":false}