{"cameraMode":{"drawMode":0,"name":"Shaded","section":"Shading Mode"},"sceneLighting":true,"audioPlay":false,"sceneViewState":{"showFog":true,"showMaterialUpdate":false,"showSkybox":true,"showFlares":true,"showImageEffects":true,"showParticleSystems":true},"in2DMode":false,"pivot":{"x":74.35541534423828,"y":12.44721508026123,"z":84.1194076538086},"rotation":{"x":0.17152534425258637,"y":0.036935340613126758,"z":-0.0064365132711827759,"w":0.9844714403152466},"size":32.1080207824707,"orthographic":false}