{"cameraMode":{"drawMode":0,"name":"Shaded","section":"Shading Mode"},"sceneLighting":true,"audioPlay":false,"sceneViewState":{"showFog":true,"showMaterialUpdate":false,"showSkybox":true,"showFlares":true,"showImageEffects":true,"showParticleSystems":true},"in2DMode":false,"pivot":{"x":59.15410614013672,"y":9.697308540344239,"z":79.70379638671875},"rotation":{"x":0.19666463136672975,"y":-0.2611202299594879,"z":0.05442732945084572,"w":0.9434973001480103},"size":32.1080207824707,"orthographic":false}