{"cameraMode":{"drawMode":0,"name":"Shaded","section":"Shading Mode"},"sceneLighting":true,"audioPlay":false,"sceneViewState":{"showFog":true,"showMaterialUpdate":false,"showSkybox":true,"showFlares":true,"showImageEffects":true,"showParticleSystems":true},"in2DMode":false,"pivot":{"x":51.273902893066409,"y":15.428317070007325,"z":77.09522247314453},"rotation":{"x":0.17346835136413575,"y":-0.3936500549316406,"z":0.07590924948453903,"w":0.8995530605316162},"size":34.448814392089847,"orthographic":false}